scope,encoder,metric,k,value,n_subjects,n_segments,n_dims,use_pca
global,usfeeg,dbi,3,1.1056683864987897,200,74540,128,False
global,usfeeg,dbi,4,1.161115672519634,200,74540,128,False
global,usfeeg,dbi,5,1.3562895052654735,200,74540,128,False
global,usfeeg,dbi,6,1.3878076043264391,200,74540,128,False
global,usfeeg,dbi,7,1.336009302907862,200,74540,128,False
global,usfeeg,dbi,8,1.4197380064199954,200,74540,128,False
global,usfeeg,dbi,9,1.4458804432464565,200,74540,128,False
global,usfeeg,dbi,10,1.5237548766415336,200,74540,128,False
global,usfeeg,dbi,11,1.5529245829930005,200,74540,128,False
global,usfeeg,dbi,12,1.5877179561246848,200,74540,128,False
global,usfeeg,dbi,13,1.5491677770559467,200,74540,128,False
global,usfeeg,dbi,14,1.5136856777061942,200,74540,128,False
global,usfeeg,dbi,15,1.520759807259494,200,74540,128,False
global,usfeeg,dbi,16,1.4276347328276988,200,74540,128,False
global,usfeeg,dbi,17,1.5232793773837372,200,74540,128,False
global,usfeeg,dbi,18,1.5171042446514784,200,74540,128,False
global,usfeeg,dbi,19,1.475915338639364,200,74540,128,False
global,usfeeg,dbi,20,1.455488565779858,200,74540,128,False
global,usfeeg,wcss,3,4769355.026173817,200,74540,128,False
global,usfeeg,wcss,4,3843607.127907749,200,74540,128,False
global,usfeeg,wcss,5,3499468.4068773156,200,74540,128,False
global,usfeeg,wcss,6,3223222.422977053,200,74540,128,False
global,usfeeg,wcss,7,3009254.7777192406,200,74540,128,False
global,usfeeg,wcss,8,2860603.0641210107,200,74540,128,False
global,usfeeg,wcss,9,2756500.4746583854,200,74540,128,False
global,usfeeg,wcss,10,2661387.175211051,200,74540,128,False
global,usfeeg,wcss,11,2585073.4157231655,200,74540,128,False
global,usfeeg,wcss,12,2512702.310569042,200,74540,128,False
global,usfeeg,wcss,13,2450331.4976587673,200,74540,128,False
global,usfeeg,wcss,14,2362353.435264973,200,74540,128,False
global,usfeeg,wcss,15,2309516.627498734,200,74540,128,False
global,usfeeg,wcss,16,2240805.344140894,200,74540,128,False
global,usfeeg,wcss,17,2225327.236727595,200,74540,128,False
global,usfeeg,wcss,18,2159534.6123075862,200,74540,128,False
global,usfeeg,wcss,19,2095968.197531922,200,74540,128,False
global,usfeeg,wcss,20,2055767.2456652457,200,74540,128,False
global,usfeeg,norm_entropy,3,0.766477231861505,200,74540,128,False
global,usfeeg,norm_entropy,4,0.8147669288261921,200,74540,128,False
global,usfeeg,norm_entropy,5,0.8562476780371426,200,74540,128,False
global,usfeeg,norm_entropy,6,0.8779140166334545,200,74540,128,False
global,usfeeg,norm_entropy,7,0.8804718277858843,200,74540,128,False
global,usfeeg,norm_entropy,8,0.8797218111718766,200,74540,128,False
global,usfeeg,norm_entropy,9,0.876416742257084,200,74540,128,False
global,usfeeg,norm_entropy,10,0.8824761050472706,200,74540,128,False
global,usfeeg,norm_entropy,11,0.8833897697615887,200,74540,128,False
global,usfeeg,norm_entropy,12,0.8980501010875227,200,74540,128,False
global,usfeeg,norm_entropy,13,0.8758953152391454,200,74540,128,False
global,usfeeg,norm_entropy,14,0.8628462652371637,200,74540,128,False
global,usfeeg,norm_entropy,15,0.866944571154438,200,74540,128,False
global,usfeeg,norm_entropy,16,0.8462435491134033,200,74540,128,False
global,usfeeg,norm_entropy,17,0.879415083950359,200,74540,128,False
global,usfeeg,norm_entropy,18,0.8740177842759997,200,74540,128,False
global,usfeeg,norm_entropy,19,0.8723955577997874,200,74540,128,False
global,usfeeg,norm_entropy,20,0.8607525414684616,200,74540,128,False
global,luna,dbi,3,1.3671007217086923,200,74540,256,False
global,luna,dbi,4,1.5556826643313086,200,74540,256,False
global,luna,dbi,5,1.4755161455924952,200,74540,256,False
global,luna,dbi,6,1.527420895532049,200,74540,256,False
global,luna,dbi,7,1.4569439632948742,200,74540,256,False
global,luna,dbi,8,1.5277114094841897,200,74540,256,False
global,luna,dbi,9,1.5092943423321044,200,74540,256,False
global,luna,dbi,10,1.6106816169885363,200,74540,256,False
global,luna,dbi,11,1.5520587106951889,200,74540,256,False
global,luna,dbi,12,1.6068666261205016,200,74540,256,False
global,luna,dbi,13,1.6352634650563465,200,74540,256,False
global,luna,dbi,14,1.6372332052804137,200,74540,256,False
global,luna,dbi,15,1.6672252357285091,200,74540,256,False
global,luna,dbi,16,1.709479815519984,200,74540,256,False
global,luna,dbi,17,1.773963254244637,200,74540,256,False
global,luna,dbi,18,1.7437754687344247,200,74540,256,False
global,luna,dbi,19,1.7630753786544222,200,74540,256,False
global,luna,dbi,20,1.7432977737101527,200,74540,256,False
global,luna,wcss,3,10429400.008905614,200,74540,256,False
global,luna,wcss,4,9312166.816143282,200,74540,256,False
global,luna,wcss,5,8467504.833527688,200,74540,256,False
global,luna,wcss,6,7786718.454985973,200,74540,256,False
global,luna,wcss,7,7222770.281677513,200,74540,256,False
global,luna,wcss,8,6874238.9898688635,200,74540,256,False
global,luna,wcss,9,6560413.128956989,200,74540,256,False
global,luna,wcss,10,6322811.476955196,200,74540,256,False
global,luna,wcss,11,6128018.604876625,200,74540,256,False
global,luna,wcss,12,5967105.995015156,200,74540,256,False
global,luna,wcss,13,5823462.7131066285,200,74540,256,False
global,luna,wcss,14,5696025.775962391,200,74540,256,False
global,luna,wcss,15,5591801.2625810085,200,74540,256,False
global,luna,wcss,16,5498627.368620906,200,74540,256,False
global,luna,wcss,17,5414429.0862786295,200,74540,256,False
global,luna,wcss,18,5332263.457977667,200,74540,256,False
global,luna,wcss,19,5252915.166802937,200,74540,256,False
global,luna,wcss,20,5183699.615807496,200,74540,256,False
global,luna,norm_entropy,3,0.9914845714376017,200,74540,256,False
global,luna,norm_entropy,4,0.9796398020073741,200,74540,256,False
global,luna,norm_entropy,5,0.9395767453085018,200,74540,256,False
global,luna,norm_entropy,6,0.9499169039061739,200,74540,256,False
global,luna,norm_entropy,7,0.9187621335941858,200,74540,256,False
global,luna,norm_entropy,8,0.9331632301583196,200,74540,256,False
global,luna,norm_entropy,9,0.9263070331063785,200,74540,256,False
global,luna,norm_entropy,10,0.9435388671433997,200,74540,256,False
global,luna,norm_entropy,11,0.9439234591410766,200,74540,256,False
global,luna,norm_entropy,12,0.9505197045276081,200,74540,256,False
global,luna,norm_entropy,13,0.9576198279423088,200,74540,256,False
global,luna,norm_entropy,14,0.9616700134118268,200,74540,256,False
global,luna,norm_entropy,15,0.9681835370468284,200,74540,256,False
global,luna,norm_entropy,16,0.9722911546178323,200,74540,256,False
global,luna,norm_entropy,17,0.9766275692272836,200,74540,256,False
global,luna,norm_entropy,18,0.9738950972655726,200,74540,256,False
global,luna,norm_entropy,19,0.9722795400278169,200,74540,256,False
global,luna,norm_entropy,20,0.9790921518047808,200,74540,256,False
global,cbramod,dbi,3,0.9583820448568012,200,74540,200,False
global,cbramod,dbi,4,1.1314912263528196,200,74540,200,False
global,cbramod,dbi,5,1.293078453064352,200,74540,200,False
global,cbramod,dbi,6,1.1555248517946473,200,74540,200,False
global,cbramod,dbi,7,1.1470012659721454,200,74540,200,False
global,cbramod,dbi,8,1.181926432466177,200,74540,200,False
global,cbramod,dbi,9,1.0631166456267747,200,74540,200,False
global,cbramod,dbi,10,1.1856035319557479,200,74540,200,False
global,cbramod,dbi,11,1.028240717374677,200,74540,200,False
global,cbramod,dbi,12,1.1132894573122054,200,74540,200,False
global,cbramod,dbi,13,1.2307831248760899,200,74540,200,False
global,cbramod,dbi,14,0.9790151367076857,200,74540,200,False
global,cbramod,dbi,15,0.8734729070618752,200,74540,200,False
global,cbramod,dbi,16,0.8711751693754507,200,74540,200,False
global,cbramod,dbi,17,0.8912903616239249,200,74540,200,False
global,cbramod,dbi,18,0.9126082369497401,200,74540,200,False
global,cbramod,dbi,19,0.9508903275048652,200,74540,200,False
global,cbramod,dbi,20,1.0067858409432235,200,74540,200,False
global,cbramod,wcss,3,7183722.430437618,200,74540,200,False
global,cbramod,wcss,4,6074325.761413355,200,74540,200,False
global,cbramod,wcss,5,5597006.162000679,200,74540,200,False
global,cbramod,wcss,6,4868230.771908934,200,74540,200,False
global,cbramod,wcss,7,4708709.07558175,200,74540,200,False
global,cbramod,wcss,8,4338338.289702594,200,74540,200,False
global,cbramod,wcss,9,4127504.649282298,200,74540,200,False
global,cbramod,wcss,10,4130496.1593693253,200,74540,200,False
global,cbramod,wcss,11,3830202.0787468785,200,74540,200,False
global,cbramod,wcss,12,3640543.554569622,200,74540,200,False
global,cbramod,wcss,13,3588208.4040381927,200,74540,200,False
global,cbramod,wcss,14,3460570.672418935,200,74540,200,False
global,cbramod,wcss,15,3174816.5234400225,200,74540,200,False
global,cbramod,wcss,16,2939133.995005275,200,74540,200,False
global,cbramod,wcss,17,2883147.5544275395,200,74540,200,False
global,cbramod,wcss,18,2846597.40592861,200,74540,200,False
global,cbramod,wcss,19,2825145.6022675843,200,74540,200,False
global,cbramod,wcss,20,2805772.4112693365,200,74540,200,False
global,cbramod,norm_entropy,3,0.03448981767350721,200,74540,200,False
global,cbramod,norm_entropy,4,0.10812304508372311,200,74540,200,False
global,cbramod,norm_entropy,5,0.10682424452652878,200,74540,200,False
global,cbramod,norm_entropy,6,0.09717405450552556,200,74540,200,False
global,cbramod,norm_entropy,7,0.12033743255568086,200,74540,200,False
global,cbramod,norm_entropy,8,0.09639413329443784,200,74540,200,False
global,cbramod,norm_entropy,9,0.09075749336052921,200,74540,200,False
global,cbramod,norm_entropy,10,0.1322736985587732,200,74540,200,False
global,cbramod,norm_entropy,11,0.12523298540696623,200,74540,200,False
global,cbramod,norm_entropy,12,0.12121491272186584,200,74540,200,False
global,cbramod,norm_entropy,13,0.12042342994776009,200,74540,200,False
global,cbramod,norm_entropy,14,0.11914531767065016,200,74540,200,False
global,cbramod,norm_entropy,15,0.11371364145983719,200,74540,200,False
global,cbramod,norm_entropy,16,0.11383475296762902,200,74540,200,False
global,cbramod,norm_entropy,17,0.11486479647639226,200,74540,200,False
global,cbramod,norm_entropy,18,0.11443961159760689,200,74540,200,False
global,cbramod,norm_entropy,19,0.19854910529425523,200,74540,200,False
global,cbramod,norm_entropy,20,0.22610563150211122,200,74540,200,False
global,eegpt,dbi,3,0.8847276669885621,200,74540,2048,False
global,eegpt,dbi,4,0.7242057806021077,200,74540,2048,False
global,eegpt,dbi,5,0.8415155059758652,200,74540,2048,False
global,eegpt,dbi,6,0.8899137584234026,200,74540,2048,False
global,eegpt,dbi,7,0.9358835420286926,200,74540,2048,False
global,eegpt,dbi,8,1.1625932743969265,200,74540,2048,False
global,eegpt,dbi,9,1.1075172083410543,200,74540,2048,False
global,eegpt,dbi,10,1.023246857980059,200,74540,2048,False
global,eegpt,dbi,11,1.1148679425543917,200,74540,2048,False
global,eegpt,dbi,12,1.1591006000381914,200,74540,2048,False
global,eegpt,dbi,13,1.0316139681746523,200,74540,2048,False
global,eegpt,dbi,14,1.096072755792755,200,74540,2048,False
global,eegpt,dbi,15,1.1719692055720692,200,74540,2048,False
global,eegpt,dbi,16,1.3817190077901897,200,74540,2048,False
global,eegpt,dbi,17,1.2239794031505151,200,74540,2048,False
global,eegpt,dbi,18,1.1418317531466802,200,74540,2048,False
global,eegpt,dbi,19,1.13235480086688,200,74540,2048,False
global,eegpt,dbi,20,1.1860609398119906,200,74540,2048,False
global,eegpt,wcss,3,62565675.09373567,200,74540,2048,False
global,eegpt,wcss,4,48438755.99289822,200,74540,2048,False
global,eegpt,wcss,5,43217828.065276936,200,74540,2048,False
global,eegpt,wcss,6,37154428.24645184,200,74540,2048,False
global,eegpt,wcss,7,34102045.3520436,200,74540,2048,False
global,eegpt,wcss,8,32995107.72578831,200,74540,2048,False
global,eegpt,wcss,9,32150129.5296471,200,74540,2048,False
global,eegpt,wcss,10,31464512.84442655,200,74540,2048,False
global,eegpt,wcss,11,31204685.036806393,200,74540,2048,False
global,eegpt,wcss,12,30671563.154628143,200,74540,2048,False
global,eegpt,wcss,13,28623875.462211832,200,74540,2048,False
global,eegpt,wcss,14,28153423.052536648,200,74540,2048,False
global,eegpt,wcss,15,27959536.402424976,200,74540,2048,False
global,eegpt,wcss,16,27723021.49325349,200,74540,2048,False
global,eegpt,wcss,17,27728733.54505284,200,74540,2048,False
global,eegpt,wcss,18,26533650.51897743,200,74540,2048,False
global,eegpt,wcss,19,26463478.315273136,200,74540,2048,False
global,eegpt,wcss,20,26308072.518645845,200,74540,2048,False
global,eegpt,norm_entropy,3,0.08861038512802201,200,74540,2048,False
global,eegpt,norm_entropy,4,0.0729655029510938,200,74540,2048,False
global,eegpt,norm_entropy,5,0.06886674543717969,200,74540,2048,False
global,eegpt,norm_entropy,6,0.06085651538910244,200,74540,2048,False
global,eegpt,norm_entropy,7,0.059395192201578385,200,74540,2048,False
global,eegpt,norm_entropy,8,0.062453511815752046,200,74540,2048,False
global,eegpt,norm_entropy,9,0.07535844760613115,200,74540,2048,False
global,eegpt,norm_entropy,10,0.07277981383328687,200,74540,2048,False
global,eegpt,norm_entropy,11,0.08315941078912636,200,74540,2048,False
global,eegpt,norm_entropy,12,0.08036671834066078,200,74540,2048,False
global,eegpt,norm_entropy,13,0.08118607695901914,200,74540,2048,False
global,eegpt,norm_entropy,14,0.07890627217303291,200,74540,2048,False
global,eegpt,norm_entropy,15,0.07824925443119674,200,74540,2048,False
global,eegpt,norm_entropy,16,0.0800345953132531,200,74540,2048,False
global,eegpt,norm_entropy,17,0.08072274503035193,200,74540,2048,False
global,eegpt,norm_entropy,18,0.07748607840286896,200,74540,2048,False
global,eegpt,norm_entropy,19,0.08212115626585263,200,74540,2048,False
global,eegpt,norm_entropy,20,0.0874447123447441,200,74540,2048,False
global,raw_eeg,dbi,3,1.494981993578822,200,74540,95,False
global,raw_eeg,dbi,4,1.166918750549646,200,74540,95,False
global,raw_eeg,dbi,5,1.0464853772313023,200,74540,95,False
global,raw_eeg,dbi,6,1.0771325335466089,200,74540,95,False
global,raw_eeg,dbi,7,0.8786436788091438,200,74540,95,False
global,raw_eeg,dbi,8,1.3361863821172582,200,74540,95,False
global,raw_eeg,dbi,9,1.3810854541932964,200,74540,95,False
global,raw_eeg,dbi,10,1.145210549530779,200,74540,95,False
global,raw_eeg,dbi,11,0.9470913386292962,200,74540,95,False
global,raw_eeg,dbi,12,0.8747942167406724,200,74540,95,False
global,raw_eeg,dbi,13,1.011305928407265,200,74540,95,False
global,raw_eeg,dbi,14,0.915092550435393,200,74540,95,False
global,raw_eeg,dbi,15,1.0033692065360122,200,74540,95,False
global,raw_eeg,dbi,16,0.8980432412705721,200,74540,95,False
global,raw_eeg,dbi,17,1.095111972713897,200,74540,95,False
global,raw_eeg,dbi,18,1.1490279498871645,200,74540,95,False
global,raw_eeg,dbi,19,0.868296530596901,200,74540,95,False
global,raw_eeg,dbi,20,0.9209018717378376,200,74540,95,False
global,raw_eeg,wcss,3,4085383.1813726025,200,74540,95,False
global,raw_eeg,wcss,4,3168774.0659869807,200,74540,95,False
global,raw_eeg,wcss,5,2778282.424834089,200,74540,95,False
global,raw_eeg,wcss,6,2554069.337835224,200,74540,95,False
global,raw_eeg,wcss,7,2225654.9668153995,200,74540,95,False
global,raw_eeg,wcss,8,2114546.555196155,200,74540,95,False
global,raw_eeg,wcss,9,2077856.3629015146,200,74540,95,False
global,raw_eeg,wcss,10,1904531.4649424532,200,74540,95,False
global,raw_eeg,wcss,11,1843276.9272283893,200,74540,95,False
global,raw_eeg,wcss,12,1757966.106636324,200,74540,95,False
global,raw_eeg,wcss,13,1759545.6832121068,200,74540,95,False
global,raw_eeg,wcss,14,1711821.832859299,200,74540,95,False
global,raw_eeg,wcss,15,1637528.9924318113,200,74540,95,False
global,raw_eeg,wcss,16,1643471.2842942378,200,74540,95,False
global,raw_eeg,wcss,17,1614545.9828740216,200,74540,95,False
global,raw_eeg,wcss,18,1635490.4566259917,200,74540,95,False
global,raw_eeg,wcss,19,1356392.932006279,200,74540,95,False
global,raw_eeg,wcss,20,1357539.9257061332,200,74540,95,False
global,raw_eeg,norm_entropy,3,0.05609338838977097,200,74540,95,False
global,raw_eeg,norm_entropy,4,0.06539079318610785,200,74540,95,False
global,raw_eeg,norm_entropy,5,0.05949658183743514,200,74540,95,False
global,raw_eeg,norm_entropy,6,0.056101958148729154,200,74540,95,False
global,raw_eeg,norm_entropy,7,0.05302716331825473,200,74540,95,False
global,raw_eeg,norm_entropy,8,0.05940249974063983,200,74540,95,False
global,raw_eeg,norm_entropy,9,0.07264224460720611,200,74540,95,False
global,raw_eeg,norm_entropy,10,0.06270975694868984,200,74540,95,False
global,raw_eeg,norm_entropy,11,0.060843215315638376,200,74540,95,False
global,raw_eeg,norm_entropy,12,0.06342338212220984,200,74540,95,False
global,raw_eeg,norm_entropy,13,0.06385136942530961,200,74540,95,False
global,raw_eeg,norm_entropy,14,0.0592954242147845,200,74540,95,False
global,raw_eeg,norm_entropy,15,0.0643121354033872,200,74540,95,False
global,raw_eeg,norm_entropy,16,0.06212639737220792,200,74540,95,False
global,raw_eeg,norm_entropy,17,0.08233410640773196,200,74540,95,False
global,raw_eeg,norm_entropy,18,0.07019000719494942,200,74540,95,False
global,raw_eeg,norm_entropy,19,0.06019745846484056,200,74540,95,False
global,raw_eeg,norm_entropy,20,0.0641071093897003,200,74540,95,False
